,ttrain,mse_test,mse_discounted_test,total_discount_test,mse_train,mse_discounted_train,total_discount_train,tevaluate
GPmodel,0.23177433013916016,0.5254703952262089,0.16603332250459385,0.12453720138981807,5.119413808302081e-12,4.015223799851608e-12,0.09695433858351887,0.004981517791748047
BNN,102.3319902420044,2.6555986390946584,1.4177251265576212,0.29785454273223877,0.010713917629094176,0.0027541998355452334,0.1721327155828476,4.284687519073486
Dropout,3.4765729904174805,1.3323511993064772,0.7904354285318959,0.2812231183052063,0.017612324904827215,0.01883874203803005,0.41035255789756775,2.613346576690674
Negsep,20.28519058227539,5.29239509271568,0.04807263116501203,0.6903842687606812,0.007046004266908179,0.007145129183872273,0.39579516649246216,0.10259366035461426
