,ttrain,mse_test,mse_discounted_test,total_discount_test,mse_train,mse_discounted_train,total_discount_train,tevaluate
GPmodel,11.365101337432861,0.03327647546111329,0.034247154300403704,0.06763925491817449,1.1657571239282522e-11,8.10938807003987e-12,0.08576367667034647,0.08491182327270508
BNN,454.29601287841797,1.0049519224582215,0.8830570152466315,0.14573822915554047,0.005528814585724925,0.005203343215798322,0.18781259655952454,20.382218599319458
Dropout,14.959666967391968,0.6565993981221109,0.44685504207960575,0.3192749321460724,0.0031566231974337173,0.003074817027748421,0.11637416481971741,13.166529178619385
Negsep,146.09160900115967,0.8136785438417612,0.005677379882123264,0.9047867059707642,0.0006238825535156526,0.00042213761553425795,0.2235717475414276,0.20596051216125488
