,ttrain,mse_test,mse_discounted_test,total_discount_test,mse_train,mse_discounted_train,total_discount_train,tevaluate
GPmodel,535.464738368988,0.01182535499338015,0.000766192858945638,0.004001654140352185,8.546127183997292e-05,8.693636257927559e-05,0.07923048991327666,1.4929611682891846
BNN,2278.547884464264,0.037145617873417296,0.010152896466500893,0.014774126437492669,0.0422518742594919,0.013857901919539712,0.013597640679962933,62.13129544258118
Dropout,73.66272807121277,0.1490862557104013,0.1490862557104013,0.0,0.16374322285475276,0.16374322285475276,0.0,39.36918568611145
Negsep,2525.949764728546,0.010815240669497132,0.0024853204088624617,0.8570696519914949,0.010624718693635776,0.0027129754048818714,0.8691203176978408,0.5140821933746338
