,ttrain,mse_test,mse_discounted_test,total_discount_test,mse_train,mse_discounted_train,total_discount_train,tevaluate
GPmodel,13482.913636684418,5.105588811815394,4.815088886757702,0.09017789028361736,3.5084758902138695,3.7812104453408093,0.38389233920539256,6.737428188323975
BNN,4529.87282371521,25.22852298249993,21.901551960315835,0.11296494502946734,26.17457701442911,23.898761506515118,0.08461213060710579,124.40658259391785
Dropout,147.18462824821472,23.24196880881074,21.38426733351527,0.13803330096416175,22.780412444423135,21.254014116995663,0.12641424646172672,78.55078411102295
Negsep,12676.687824249268,16.040343235767867,14.253751435642307,0.32827510835804524,14.131334420533543,11.647502526695487,0.33341112533581796,0.8653595447540283
