,ttrain,mse_test,mse_discounted_test,total_discount_test,mse_train,mse_discounted_train,total_discount_train,tevaluate
GPmodel,0.8499455451965332,0.5255285514555545,0.24515940550866056,0.0752939004539837,5.1186186173971446e-12,4.1472990844014406e-12,0.05240248639240877,0.01000070571899414
BNN,46.51865553855896,3.025371934095704,1.8485152847630468,0.29888880252838135,0.013649530058384424,0.006283787670284574,0.1612209677696228,2.8650460243225098
Dropout,4.134352445602417,1.15210393669554,0.6891144009984039,0.3125925362110138,0.030822785154798752,0.03324298116778359,0.43780216574668884,2.2818946838378906
Negsep,14.442581176757812,26.13134986954644,0.012303055559627915,0.6904968023300171,0.019871105706003856,0.01211900993871611,0.4010884761810303,0.42354416847229004
