,ttrain,mse_test,mse_discounted_test,total_discount_test,mse_train,mse_discounted_train,total_discount_train,tevaluate
GPmodel,0.7763626575469971,0.4615702989253685,0.18238310351086043,0.087912532641086,1.0474182867881033e-12,9.781900643179947e-13,0.0736053243534234,0.012996435165405273
BNN,65.1224000453949,0.3713412683739532,0.3574729773118878,0.19858619570732117,0.00647437387110748,0.005994002066120081,0.502487301826477,6.669761657714844
Dropout,6.513824462890625,0.9127800233340102,0.6173752379821357,0.2067120224237442,0.015570108883497519,0.017233553063801938,0.4464896321296692,3.3324005603790283
Negsep,15.835197687149048,4.255483194949561,0.009560937650602735,0.812032163143158,0.00879898450481968,0.0041258341891975275,0.3556276261806488,1.0946669578552246
