,ttrain,mse_test,mse_discounted_test,total_discount_test,mse_train,mse_discounted_train,total_discount_train,tevaluate
GPmodel,11.773748874664307,0.03327647546111329,0.034247154300403704,0.06763925491817449,1.1657571239282522e-11,8.10938807003987e-12,0.08576367667034647,0.08395957946777344
BNN,456.0078909397125,1.5732495069236825,1.3879411559400932,0.11879247426986694,0.002106744534599733,0.0015070337061745488,0.13250374794006348,20.556395053863525
Dropout,15.074951887130737,0.4952029429373513,0.39534941244783484,0.2877357304096222,0.0033302725925140973,0.0030725698371717983,0.09334445744752884,13.246666193008423
Negsep,146.3650839328766,0.39949928413563146,0.02657543883785628,0.9282317757606506,0.0048713203820618224,0.003659532569715044,0.36751091480255127,0.21520519256591797
