,ttrain,mse_test,mse_discounted_test,total_discount_test,mse_train,mse_discounted_train,total_discount_train,tevaluate
GPmodel,0.23430681228637695,0.10007012638256833,0.06556145759550841,0.19929947258045236,7.564924581868046e-11,8.984122661785679e-11,0.3215912986478848,0.005563259124755859
BNN,47.0409209728241,1.1563353282454951,1.2174584706816056,0.29253140091896057,0.003509391664422614,0.002601904822098086,0.43781524896621704,11.048752546310425
Dropout,1.646240472793579,1.5604628614857023,1.1059386411753032,0.34755533933639526,0.12159914565406452,0.13078198859514673,0.5109766721725464,7.3882012367248535
Negsep,13.004466772079468,1.109580101760391,0.15083083468382988,0.7830097079277039,0.004458449716389529,0.004473779984775962,0.15371370315551758,0.10740017890930176
