,ttrain,mse_test,mse_discounted_test,total_discount_test,mse_train,mse_discounted_train,total_discount_train,tevaluate
GPmodel,0.31499624252319336,0.10006887916953405,0.07581215597172213,0.07732419170576946,7.562709321345028e-11,8.757536785108778e-11,0.26559748621495655,0.015016794204711914
BNN,24.80761408805847,1.1572543605467291,1.1644667154305235,0.26810503005981445,0.0033407737650211445,0.00237464383018968,0.3756813704967499,6.352535724639893
Dropout,1.4320008754730225,1.5604589989338489,1.1059329371614814,0.3475564122200012,0.1215992704541057,0.13078209913652059,0.5109794735908508,3.447000503540039
Negsep,9.517018795013428,3.8411538844916677,0.06390175057439243,0.9164248108863831,0.022434934459013407,0.019699038723795734,0.2758350968360901,0.20299863815307617
