,ttrain,mse_test,mse_discounted_test,total_discount_test,mse_train,mse_discounted_train,total_discount_train,tevaluate
GPmodel,534.4872617721558,0.01182535499338015,0.0010748487178065037,0.0024213615770046523,8.546127183997292e-05,8.663002480854248e-05,0.023256431140093715,1.4631283283233643
BNN,1953.1087560653687,0.796774654680392,0.12780896615623838,0.007578355725854635,0.9265793595060724,0.2916324979700853,0.007499995641410351,60.40349006652832
Dropout,71.88855743408203,0.09298709579132072,0.09643504198603096,0.21743658185005188,0.10277344974026396,0.10662074927433793,0.17594297230243683,38.05065035820007
Negsep,2458.9699890613556,0.004911278740174792,0.005702889207768594,0.20399750769138336,0.0056727247183307765,0.0065696683942972995,0.1971590220928192,0.4869191646575928
