,ttrain,mse_test,mse_discounted_test,total_discount_test,mse_train,mse_discounted_train,total_discount_train,tevaluate
GPmodel,13845.742550611496,5.105588811815394,4.815088886757702,0.09017789028361736,3.5084758902138695,3.7812104453408093,0.38389233920539256,6.770837783813477
BNN,4415.747423887253,24.91392227953769,22.578425878200505,0.09979917854070663,25.677149669449943,24.060344211045198,0.07959242165088654,121.83730459213257
Dropout,144.46901154518127,21.20661603893146,19.27195617064905,0.12800787389278412,21.04344476945846,19.512307726387448,0.10762415826320648,77.99534273147583
Negsep,12475.670199155807,15.01057876531428,19.172408666094153,0.7405134439468384,12.514251336261657,14.150668786272847,0.740974485874176,0.8948228359222412
